image;class
bee1.jpg;bee
bee2.jpg;bee
bee3.jpg;bee
bee4.jpg;bee
bee5.jpg;bee
conch1.jpg;conch
conch2.jpg;conch
conch3.jpg;conch
conch4.jpg;conch
conch5.jpg;conch
hamster1.jpg;hamster
hamster2.jpg;hamster
hamster3.jpg;hamster
hamster4.jpg;hamster
hamster5.jpg;hamster
hare1.jpg;hare
hare2.jpg;hare
hare3.jpg;hare
hare4.jpg;hare
hare5.jpg;hare
hen1.jpg;hen
hen2.jpg;hen
hen3.jpg;hen
hen4.jpg;hen
hen5.jpg;hen
kite1.jpg;kite
kite2.jpg;kite
kite3.jpg;kite
kite4.jpg;kite
kite5.jpg;kite
lemon1.jpg;lemon
lemon2.jpg;lemon
lemon3.jpg;lemon
lemon4.jpg;lemon
lemon5.jpg;lemon
scorpion1.jpg;scorpion
scorpion2.jpg;scorpion
scorpion3.jpg;scorpion
scorpion4.jpg;scorpion
scorpion5.jpg;scorpion
tarantula1.jpg;tarantula
tarantula2.jpg;tarantula
tarantula3.jpg;tarantula
tarantula4.jpg;tarantula
tarantula5.jpg;tarantula
zebra1.jpg;zebra
zebra2.jpg;zebra
zebra3.jpg;zebra
zebra4.jpg;zebra
zebra5.jpg;zebra
